"roi","ACME","ACME_p","ACME_ci_low","ACME_ci_high","ADE","ADE_p","Total","Total_p","Prop_Mediated","Prop_Mediated_p","N"
"brain_sim_0",0.00171307935130872,0.032,0.000128407573944688,0.00406700605090186,0.0765644490408601,0,0.0782775283921688,0,0.0218846888308254,0.032,4392
"brain_sim_1",-0.000453153476977394,0.6,-0.002446154195108,0.00137649212832776,0.0787306818691562,0,0.0782775283921788,0,-0.00578906215212937,0.6,4392
"brain_sim_2",0.00117176991698642,0.082,-0.000109397884083675,0.00314535615898113,0.0771057584751866,0,0.078277528392173,0,0.0149694291714962,0.082,4392
"brain_sim_3",0.000808419772958197,0.318,-0.000867034143746334,0.00289645772653069,0.0774691086192142,0,0.0782775283921724,0,0.0103276098461872,0.318,4392
"brain_sim_4",-0.000275173371808488,0.594,-0.00138774425580857,0.000710011460532944,0.0785527017639748,0,0.0782775283921663,0,-0.00351535590686875,0.594,4392
"brain_sim_5",-0.000484141405108214,0.358,-0.00177448454938206,0.000452837265151196,0.0787616697972851,0,0.0782775283921769,0,-0.00618493474503469,0.358,4392
"brain_sim_6",0.0010488928641381,0.168,-0.000431155719876541,0.00284501110529874,0.0772286355280381,0,0.0782775283921762,0,0.0133996676400291,0.168,4392
"brain_sim_7",8.95818548069212e-05,0.828,-0.000797530547569934,0.0010463830901217,0.0781879465373599,0,0.0782775283921668,0,0.00114441343060961,0.828,4392
"brain_sim_8",-5.53031263405432e-05,0.848,-0.000732185972651725,0.000590352485389356,0.0783328315185171,0,0.0782775283921766,0,-0.000706500671092606,0.848,4392
"brain_sim_9",0.00216105847354268,0.108,-0.000300300405586777,0.00510879217110145,0.0761164699186288,0,0.0782775283921715,0,0.0276076482987014,0.108,4392
"brain_sim_10",-0.000106040575016909,0.78,-0.000981496916979105,0.000587202235685993,0.0783835689671846,0,0.0782775283921676,0,-0.00135467454319264,0.78,4392
"brain_sim_11",-7.28997893034625e-05,0.752,-0.00081295032304025,0.000505651736404654,0.0783504281814701,0,0.0782775283921666,0,-0.000931299068849467,0.752,4392
"brain_sim_12",-0.000241070708692164,0.628,-0.0014109967954931,0.000835682963017381,0.078518599100863,0,0.0782775283921708,0,-0.00307969239248841,0.628,4392
"brain_sim_13",5.85141655133003e-05,0.852,-0.00058827023154014,0.000808666907826992,0.0782190142266523,0,0.0782775283921656,0,0.000747521884188115,0.852,4392
"brain_sim_14",0.00131974969048651,0.092,-0.000141517981024348,0.00329655482899382,0.0769577787016832,0,0.0782775283921697,0,0.0168598794263735,0.092,4392
"brain_sim_15",0.000565299391432523,0.412,-0.000787194451421219,0.00192194751135834,0.0777122290007404,0,0.0782775283921729,0,0.00722173276346124,0.412,4392
"brain_sim_16",-0.000637637853785095,0.188,-0.00222936951655766,0.000270805197188988,0.078915166245962,0,0.0782775283921769,0,-0.00814586084770685,0.188,4392
"brain_sim_17",0.000696432667937916,0.182,-0.000233542663348084,0.00221391530315296,0.0775810957242329,0,0.0782775283921709,0,0.00889696803466743,0.182,4392
"brain_sim_18",-0.000116979682794935,0.798,-0.00111019185940671,0.000696623530017409,0.0783945080749666,0,0.0782775283921717,0,-0.00149442228437342,0.798,4392
"brain_sim_19",-0.000187937998013612,0.636,-0.00121570051833026,0.000475356440793105,0.0784654663901848,0,0.0782775283921712,0,-0.00240091890832373,0.636,4392
"brain_sim_20",-0.000105812093772025,0.76,-0.00100949103422858,0.000598340354901094,0.0783833404859498,0,0.0782775283921778,0,-0.00135175568193591,0.76,4392
"brain_sim_21",-0.000328684035141013,0.466,-0.00153860375580841,0.000444333840597708,0.078606212427308,0,0.078277528392167,0,-0.00419895775827668,0.466,4392
"brain_sim_22",-4.12385784787637e-06,0.972,-0.000636633773227228,0.000506820078652516,0.078281652250024,0,0.0782775283921761,0,-5.26825250181067e-05,0.972,4392
"brain_sim_23",-0.00010708846537059,0.802,-0.00133999862343981,0.00112232931417101,0.078384616857538,0,0.0782775283921674,0,-0.001368061403703,0.802,4392
"brain_sim_24",0.000547515159780611,0.316,-0.000505300418763651,0.00206197202654671,0.0777300132323873,0,0.0782775283921679,0,0.00699453816474094,0.316,4392
"brain_sim_25",0.000146774323591458,0.73,-0.000663014708023764,0.00122962432160923,0.0781307540685816,0,0.0782775283921731,0,0.00187505056184342,0.73,4392
"brain_sim_26",-0.000386531483685766,0.404,-0.00163482151876404,0.000404722930909035,0.0786640598758524,0,0.0782775283921667,0,-0.00493796229422653,0.404,4392
"brain_sim_27",0.000272874996370084,0.566,-0.000821712071440628,0.0014639447954491,0.0780046533957984,0,0.0782775283921685,0,0.0034859940263186,0.566,4392
"brain_sim_28",-0.000127693450119986,0.732,-0.00117976295847231,0.000894226073821383,0.0784052218422912,0,0.0782775283921713,0,-0.00163129128809791,0.732,4392
"brain_sim_29",7.67392667475589e-06,0.978,-0.000487988030292988,0.000555644332657145,0.0782698544654949,0,0.0782775283921696,0,9.80348617589149e-05,0.978,4392
"brain_sim_30",-0.000746074785156255,0.198,-0.00241974691548849,0.00033211118861533,0.0790236031773307,0,0.0782775283921745,0,-0.00953114898337594,0.198,4392
"brain_sim_31",0.00133152292616031,0.19,-0.000699081151792315,0.00378296302616044,0.076946005466011,0,0.0782775283921713,0,0.0170102832001717,0.19,4392
"brain_sim_32",0.00074894157354183,0.348,-0.000914998387197316,0.00258145815926062,0.0775285868186302,0,0.078277528392172,0,0.00956777237254627,0.348,4392
"brain_sim_33",-0.000102006515494888,0.768,-0.00102365786595909,0.00054996710754823,0.078379534907661,0,0.0782775283921661,0,-0.00130313919703547,0.768,4392
"brain_sim_34",-0.000276334147897539,0.666,-0.00205110431548943,0.00130432404417579,0.0785538625400675,0,0.07827752839217,0,-0.00353018488924569,0.666,4392
"brain_sim_35",-0.00114832423057661,0.07,-0.00308681647327402,7.53871544422806e-05,0.0794258526227571,0,0.0782775283921805,0,-0.0146699091573683,0.07,4392
"brain_sim_36",-0.000763472794995639,0.126,-0.00253898110279955,0.000162004250018106,0.0790410011871727,0,0.0782775283921771,0,-0.00975340957586927,0.126,4392
"brain_sim_37",0.00016538698616843,0.698,-0.000900327448264782,0.00148945163521857,0.0781121414059995,0,0.0782775283921679,0,0.00211282841404811,0.698,4392
"brain_sim_38",-0.000972777278814748,0.15,-0.00278161807861351,0.00032066013853084,0.0792503056709921,0,0.0782775283921774,0,-0.012427286589084,0.15,4392
"brain_sim_39",-0.00198281645829721,0.006,-0.00413914534788651,-0.000399218187116372,0.0802603448504646,0,0.0782775283921673,0,-0.0253305961369064,0.006,4392
"brain_sim_40",0.00228269981082882,0.004,0.000570470394873702,0.00467793173409536,0.0759948285813503,0,0.0782775283921791,0,0.0291616234916391,0.004,4392
"brain_sim_41",0.001118737716512,0.086,-0.000149728493623653,0.00315131658467709,0.0771587906756574,0,0.0782775283921695,0,0.0142919397110642,0.086,4392
"brain_sim_42",2.72618002234756e-05,0.914,-0.000870427651617633,0.000987610156861785,0.0782502665919491,0,0.0782775283921726,0,0.000348271091122004,0.914,4392
"brain_sim_43",0.000808623619914489,0.152,-0.000215771386387845,0.00232325722927259,0.0774689047722582,0,0.0782775283921727,0,0.0103302140029672,0.152,4392
"brain_sim_44",1.64007113352458e-05,0.924,-0.000676800055047342,0.000632221820639498,0.0782611276808336,0,0.0782775283921688,0,0.000209520045817985,0.924,4392
"brain_sim_45",-1.48360924013687e-05,0.908,-0.000597815300884031,0.000498439676941975,0.0782923644845783,0,0.0782775283921769,0,-0.000189531947496332,0.908,4392
"brain_sim_46",4.72641993795409e-06,0.986,-0.000629332864753626,0.00069334239339091,0.0782728019722347,0,0.0782775283921726,0,6.03802909345143e-05,0.986,4392
"brain_sim_47",0.00044619948052738,0.65,-0.0014620242065141,0.00228628720975966,0.0778313289116518,0,0.0782775283921792,0,0.00570022444106655,0.65,4392
"brain_sim_48",-0.00129931032947153,0.264,-0.00403056081130594,0.000930157546965931,0.0795768387216472,0,0.0782775283921756,0,-0.016598765394864,0.264,4392
"brain_sim_49",0.00187136065771945,0.008,0.00029631526807065,0.00408619887526414,0.0764061677344505,0,0.07827752839217,0,0.0239067417706898,0.008,4392
"brain_sim_50",5.01462806533968e-05,0.95,-0.00185075241867288,0.00239403264432454,0.0782273821115138,0,0.0782775283921672,0,0.000640621666056777,0.95,4392
"brain_sim_51",0.000529615371209778,0.318,-0.00039303825807813,0.00188151019586741,0.0777479130209672,0,0.078277528392177,0,0.00676586731962666,0.318,4392
"brain_sim_52",0.000184977329702486,0.748,-0.00133305401000629,0.00171424272420033,0.0780925510624686,0,0.0782775283921711,0,0.00236309619761815,0.748,4392
"brain_sim_53",0.000125751505771892,0.858,-0.00147136771821479,0.00174310484652625,0.0781517768864023,0,0.0782775283921742,0,0.00160648283555749,0.858,4392
"brain_sim_54",0.000409466640271639,0.596,-0.00113796483657494,0.00209711639215225,0.0778680617519073,0,0.0782775283921789,0,0.00523096026001442,0.596,4392
"brain_sim_55",-0.000178837792639217,0.796,-0.00186300459270212,0.00129655315228624,0.07845636618481,0,0.0782775283921707,0,-0.00228466325282064,0.796,4392
"brain_sim_56",8.09671579173765e-07,0.978,-0.000524294071136791,0.000493781686681658,0.078276718720589,0,0.0782775283921681,0,1.03436017437512e-05,0.978,4392
"brain_sim_57",-5.25012192167712e-05,0.872,-0.000708862008748691,0.000594430124374159,0.0783300296113837,0,0.0782775283921669,0,-0.000670706143834058,0.872,4392
"brain_sim_58",4.70964923998623e-06,0.974,-0.000543143050653145,0.000465496422742219,0.0782728187429387,0,0.0782775283921787,0,6.01660442878369e-05,0.974,4392
"brain_sim_59",0.000197580118773223,0.652,-0.00064201620166875,0.00131561628661799,0.0780799482733983,0,0.0782775283921716,0,0.00252409756454424,0.652,4392
"brain_sim_60",0.00197333411115609,0.082,-0.000270388389328259,0.00438024949719088,0.0763041942810206,0,0.0782775283921767,0,0.0252094585979967,0.082,4392
"brain_sim_61",0.001168646681493,0.06,-3.90355243929985e-05,0.00292170945620703,0.0771088817106756,0,0.0782775283921687,0,0.0149295296555367,0.06,4392
"brain_sim_62",9.45090164693331e-05,0.72,-0.000532415289580332,0.000960583426511255,0.0781830193757078,0,0.0782775283921772,0,0.00120735820880591,0.72,4392
"brain_sim_63",-0.000324702764638213,0.556,-0.00175486398046293,0.000794738926009682,0.0786022311568168,0,0.0782775283921786,0,-0.00414809679492457,0.556,4392
"brain_sim_64",0.000961600136801267,0.252,-0.000697979830620597,0.00312732707622237,0.0773159282553644,0,0.0782775283921656,0,0.0122844979466356,0.252,4392
"brain_sim_65",-0.000347466966528796,0.568,-0.00174898390936521,0.000931700863127694,0.0786249953587033,0,0.0782775283921745,0,-0.00443891080448999,0.568,4392
"brain_sim_66",0.000456923161309639,0.332,-0.000385369510755388,0.00187857007851767,0.0778206052308606,0,0.0782775283921703,0,0.00583722008978688,0.332,4392
"brain_sim_67",0.00033195241464033,0.482,-0.000702009559545405,0.00166436061185839,0.0779455759775363,0,0.0782775283921766,0,0.00424071149739453,0.482,4392
"brain_sim_68",5.95633065646903e-05,0.942,-0.00126704464094966,0.00131305979131758,0.0782179650856107,0,0.0782775283921754,0,0.000760924722434698,0.942,4392
"brain_sim_69",7.332358393272e-06,0.95,-0.000928692093024849,0.000852639563723408,0.0782701960337746,0,0.0782775283921679,0,9.36713070006135e-05,0.95,4392
"brain_sim_70",9.08187896001739e-05,0.9,-0.000929470438488372,0.00109283226856343,0.0781867096025664,0,0.0782775283921666,0,0.00116021534488386,0.9,4392
"brain_sim_71",-2.43011607770818e-05,0.96,-0.000832153283600837,0.000738182169080282,0.0783018295529529,0,0.0782775283921758,0,-0.000310448749165039,0.96,4392
"brain_sim_72",0.000432231700380655,0.418,-0.000650341953230046,0.00188194539739175,0.0778452966918,0,0.0782775283921807,0,0.00552178523337013,0.418,4392
"brain_sim_73",1.69392655337285e-05,0.984,-0.000587604555083936,0.000559952771407259,0.0782605891266346,0,0.0782775283921683,0,0.000216400107178438,0.984,4392
"brain_sim_74",0.000146118514578712,0.648,-0.000431194008846773,0.00116852303668732,0.0781314098775894,0,0.0782775283921681,0,0.00186667256337812,0.648,4392
"brain_sim_75",0.000574011874984858,0.288,-0.000362365961448709,0.00206158050548816,0.0777035165171877,0,0.0782775283921725,0,0.00733303525002786,0.288,4392
"brain_sim_76",1.86087408893902e-05,0.914,-0.000742460560990561,0.000950118567947542,0.0782589196512816,0,0.078277528392171,0,0.000237727752416508,0.914,4392
"brain_sim_77",0.00020097059808554,0.626,-0.000618431698903982,0.00124788220789457,0.0780765577940813,0,0.0782775283921668,0,0.00256741113590974,0.626,4392
"brain_sim_78",8.19818034825302e-05,0.808,-0.000506254976208505,0.000812008381326445,0.0781955465886884,0,0.0782775283921709,0,0.00104732233076907,0.808,4392
"brain_sim_79",0.00164657429900928,0.024,0.00021479520052544,0.00369556137425713,0.0766309540931618,0,0.0782775283921711,0,0.0210350829009307,0.024,4392
"brain_sim_80",-0.000140559775873039,0.84,-0.001608543489952,0.00106580590696076,0.0784180881680472,0,0.0782775283921742,0,-0.00179565935154248,0.84,4392
"brain_sim_81",-0.000253304388977066,0.544,-0.00136605435941601,0.00043736871885336,0.0785308327811538,0,0.0782775283921768,0,-0.00323597837310333,0.544,4392
"brain_sim_82",0.000268974946610856,0.5,-0.000425096713214988,0.00137875635446232,0.0780085534455578,0,0.0782775283921687,0,0.00343617066271303,0.5,4392
"brain_sim_83",0.000136682744096118,0.75,-0.000549600805163192,0.00110630736678939,0.0781408456480787,0,0.0782775283921748,0,0.00174613004400611,0.75,4392
"brain_sim_84",3.29008124488212e-05,0.964,-0.00124435074005055,0.00132398070414719,0.0782446275797288,0,0.0782775283921777,0,0.00042030980186274,0.964,4392
"brain_sim_85",4.82469320881926e-05,0.858,-0.000474235026023088,0.000669773477041784,0.0782292814600914,0,0.0782775283921796,0,0.000616357377132167,0.858,4392
"brain_sim_86",-0.000269969907578782,0.67,-0.00155236499627934,0.000909283021476014,0.078547498299753,0,0.0782775283921742,0,-0.00344888134722675,0.67,4392
"brain_sim_87",-0.000561395658670502,0.296,-0.00202736081850262,0.000492744025535165,0.0788389240508423,0,0.0782775283921718,0,-0.00717186234927986,0.296,4392
"brain_sim_88",0.00078845444022457,0.478,-0.00157324682540008,0.0030985484753806,0.0774890739519422,0,0.0782775283921667,0,0.0100725515536777,0.478,4392
"brain_sim_89",0.000602558920100405,0.388,-0.000757569486456169,0.00230561811969165,0.0776749694720709,0,0.0782775283921713,0,0.00769772541976004,0.388,4392
"brain_sim_90",-0.000706477543194858,0.37,-0.00259805216229224,0.000929550130359777,0.078984005935359,0,0.0782775283921641,0,-0.00902529190313039,0.37,4392
"brain_sim_91",-0.000154752218522425,0.694,-0.00120709179359641,0.000807627190233245,0.0784322806106893,0,0.0782775283921668,0,-0.00197696863584046,0.694,4392
"brain_sim_92",0.00139297837821319,0.074,-0.000108157891200467,0.00336503341656901,0.0768845500139667,0,0.0782775283921799,0,0.0177953801917991,0.074,4392
"brain_sim_93",0.000463862014665562,0.416,-0.000711322057820959,0.00195752029089401,0.0778136663774997,0,0.0782775283921653,0,0.00592586434693804,0.416,4392
"brain_sim_94",-0.000113818435743827,0.752,-0.000973125675930293,0.000619584910866397,0.0783913468279141,0,0.0782775283921703,0,-0.00145403716854213,0.752,4392
"brain_sim_95",-0.000297841733438499,0.828,-0.00261939055738507,0.0018723456357737,0.0785753701256141,0,0.0782775283921757,0,-0.00380494555150351,0.828,4392
"brain_sim_96",0.000864743981768655,0.216,-0.000478279125965049,0.00259518689776071,0.0774127844103998,0,0.0782775283921685,0,0.0110471549055089,0.216,4392
"brain_sim_97",0.000987401078740923,0.312,-0.000816230604340865,0.00286047586824393,0.0772901273134253,0,0.0782775283921663,0,0.0126141064878045,0.312,4392
"brain_sim_98",0.00601805256428988,0,0.00302075728799856,0.00988876487633032,0.0722594758278788,0,0.0782775283921686,0,0.0768809732231142,0,4392
"brain_sim_99",0.00159970761532507,0.13,-0.000370267015564377,0.00392604386212925,0.0766778207768487,0,0.0782775283921738,0,0.0204363582778248,0.13,4392
"brain_sim_100",-0.00013244939130999,0.722,-0.00106876128293773,0.000449686153071272,0.0784099777834873,0,0.0782775283921773,0,-0.00169204871475255,0.722,4392
"brain_sim_101",0.000125744936176793,0.75,-0.000544759754453032,0.00088229341941679,0.0781517834560027,0,0.0782775283921795,0,0.00160639890859605,0.75,4392
"brain_sim_102",2.82827414181994e-05,0.95,-0.000485119720072555,0.000628215446763499,0.0782492456507546,0,0.0782775283921728,0,0.00036131367455168,0.95,4392
"brain_sim_103",0.000781536549409647,0.156,-0.000233023037885316,0.00217335901140268,0.0774959918427589,0,0.0782775283921685,0,0.00998417509421309,0.156,4392
"brain_sim_104",0.000286359662888809,0.52,-0.00045178300070495,0.00144754288882165,0.0779911687292838,0,0.0782775283921726,0,0.00365826142918232,0.52,4392
"brain_sim_105",0.000138789970953962,0.698,-0.000545685322596274,0.00113457028065545,0.0781387384212169,0,0.0782775283921709,0,0.00177304999026826,0.698,4392
"brain_sim_106",-3.18477574448856e-05,0.904,-0.000848585555727727,0.000702993294331342,0.07830937614961,0,0.0782775283921651,0,-0.000406856962643614,0.904,4392
"brain_sim_107",-7.74399548729376e-06,0.996,-0.0012650403410325,0.00116483951768654,0.0782852723876614,0,0.0782775283921742,0,-9.89299949341269e-05,0.996,4392
"brain_sim_108",-0.000311136638789127,0.478,-0.00141412532361576,0.000437955614512268,0.0785886650309634,0,0.0782775283921743,0,-0.0039747887443548,0.478,4392
"brain_sim_109",-0.000195420306864172,0.682,-0.00120850156872702,0.000479512750082041,0.078472948699033,0,0.0782775283921689,0,-0.00249650584117986,0.682,4392
"brain_sim_110",6.3449554812653e-05,0.868,-0.000522178804119963,0.000746014645601007,0.0782140788373549,0,0.0782775283921676,0,0.000810571770927321,0.868,4392
"brain_sim_111",0.00038059769000664,0.344,-0.000320621012751724,0.00156964632272125,0.0778969307021597,0,0.0782775283921663,0,0.00486215773318577,0.344,4392
"brain_sim_112",-0.000243277818058917,0.56,-0.00142052010233704,0.000621580180375638,0.0785208062102346,0,0.0782775283921757,0,-0.00310788834363905,0.56,4392
"brain_sim_113",-0.000135462847498345,0.698,-0.00104241063849371,0.000526394068734385,0.078412991239666,0,0.0782775283921677,0,-0.00173054579367504,0.698,4392
"brain_sim_114",-2.90694980087593e-05,0.978,-0.000773396798186306,0.000724799569504377,0.0783065978901789,0,0.0782775283921702,0,-0.000371364535976676,0.978,4392
"brain_sim_115",4.68310611161805e-05,0.948,-0.00117352293843591,0.00125729438806954,0.078230697331054,0,0.0782775283921702,0,0.000598269542716742,0.948,4392
